﻿<?xml version="1.0" encoding="utf-8"?>
<helpItems schema="maml" xmlns="http://msh">
  <command:command xmlns:maml="http://schemas.microsoft.com/maml/2004/10" xmlns:command="http://schemas.microsoft.com/maml/dev/command/2004/10" xmlns:dev="http://schemas.microsoft.com/maml/dev/2004/10" xmlns:MSHelp="http://msdn.microsoft.com/mshelp">
    <command:details>
      <command:name>Get-CallerPreference</command:name>
      <command:verb>Get</command:verb>
      <command:noun>CallerPreference</command:noun>
      <maml:description>
        <maml:para>Fetches "Preference" variable values from the caller's scope.</maml:para>
      </maml:description>
    </command:details>
    <maml:description>
      <maml:para>Script module functions do not automatically inherit their caller's variables, but they can be obtained through the $PSCmdlet variable in Advanced Functions.  This function is a helper function for any script module Advanced Function; by passing in the values of $ExecutionContext.SessionState and $PSCmdlet, Get-CallerPreference will set the caller's preference variables locally.</maml:para>
    </maml:description>
    <command:syntax>
      <command:syntaxItem>
        <maml:name>Get-CallerPreference</maml:name>
        <command:parameter required="true" variableLength="true" globbing="false" pipelineInput="False" position="named" aliases="none">
          <maml:name>Cmdlet</maml:name>
          <maml:Description>
            <maml:para>The $PSCmdlet object from a script module Advanced Function.</maml:para>
          </maml:Description>
          <command:parameterValue required="true" variableLength="false">Object</command:parameterValue>
          <dev:type>
            <maml:name>Object</maml:name>
            <maml:uri />
          </dev:type>
          <dev:defaultValue>None</dev:defaultValue>
        </command:parameter>
        <command:parameter required="true" variableLength="true" globbing="false" pipelineInput="False" position="named" aliases="none">
          <maml:name>SessionState</maml:name>
          <maml:Description>
            <maml:para>The $ExecutionContext.SessionState object from a script module Advanced Function.  This is how the Get-CallerPreference function sets variables in its callers' scope, even if that caller is in a different script module.</maml:para>
          </maml:Description>
          <command:parameterValue required="true" variableLength="false">SessionState</command:parameterValue>
          <dev:type>
            <maml:name>SessionState</maml:name>
            <maml:uri />
          </dev:type>
          <dev:defaultValue>None</dev:defaultValue>
        </command:parameter>
        <command:parameter required="false" variableLength="true" globbing="false" pipelineInput="True (ByValue)" position="named" aliases="none">
          <maml:name>Name</maml:name>
          <maml:Description>
            <maml:para>Optional array of parameter names to retrieve from the caller's scope.  Default is to retrieve all Preference variables as defined in the about_Preference_Variables help file (as of PowerShell 4.0) This parameter may also specify names of variables that are not in the about_Preference_Variables help file, and the function will retrieve and set those as well.</maml:para>
          </maml:Description>
          <command:parameterValue required="true" variableLength="false">String[]</command:parameterValue>
          <dev:type>
            <maml:name>String[]</maml:name>
            <maml:uri />
          </dev:type>
          <dev:defaultValue>None</dev:defaultValue>
        </command:parameter>
      </command:syntaxItem>
    </command:syntax>
    <command:parameters>
      <command:parameter required="true" variableLength="true" globbing="false" pipelineInput="False" position="named" aliases="none">
        <maml:name>Cmdlet</maml:name>
        <maml:Description>
          <maml:para>The $PSCmdlet object from a script module Advanced Function.</maml:para>
        </maml:Description>
        <command:parameterValue required="true" variableLength="false">Object</command:parameterValue>
        <dev:type>
          <maml:name>Object</maml:name>
          <maml:uri />
        </dev:type>
        <dev:defaultValue>None</dev:defaultValue>
      </command:parameter>
      <command:parameter required="true" variableLength="true" globbing="false" pipelineInput="False" position="named" aliases="none">
        <maml:name>SessionState</maml:name>
        <maml:Description>
          <maml:para>The $ExecutionContext.SessionState object from a script module Advanced Function.  This is how the Get-CallerPreference function sets variables in its callers' scope, even if that caller is in a different script module.</maml:para>
        </maml:Description>
        <command:parameterValue required="true" variableLength="false">SessionState</command:parameterValue>
        <dev:type>
          <maml:name>SessionState</maml:name>
          <maml:uri />
        </dev:type>
        <dev:defaultValue>None</dev:defaultValue>
      </command:parameter>
      <command:parameter required="false" variableLength="true" globbing="false" pipelineInput="True (ByValue)" position="named" aliases="none">
        <maml:name>Name</maml:name>
        <maml:Description>
          <maml:para>Optional array of parameter names to retrieve from the caller's scope.  Default is to retrieve all Preference variables as defined in the about_Preference_Variables help file (as of PowerShell 4.0) This parameter may also specify names of variables that are not in the about_Preference_Variables help file, and the function will retrieve and set those as well.</maml:para>
        </maml:Description>
        <command:parameterValue required="true" variableLength="false">String[]</command:parameterValue>
        <dev:type>
          <maml:name>String[]</maml:name>
          <maml:uri />
        </dev:type>
        <dev:defaultValue>None</dev:defaultValue>
      </command:parameter>
    </command:parameters>
    <command:inputTypes>
      <command:inputType>
        <dev:type>
          <maml:name>String</maml:name>
        </dev:type>
        <maml:description>
          <maml:para></maml:para>
        </maml:description>
      </command:inputType>
    </command:inputTypes>
    <command:returnValues>
      <command:returnValue>
        <dev:type>
          <maml:name>None.  This function does not produce pipeline output.</maml:name>
        </dev:type>
        <maml:description>
          <maml:para></maml:para>
        </maml:description>
      </command:returnValue>
    </command:returnValues>
    <maml:alertSet>
      <maml:alert>
        <maml:para></maml:para>
      </maml:alert>
    </maml:alertSet>
    <command:examples>
      <command:example>
        <maml:title>-------------------------- EXAMPLE 1 --------------------------</maml:title>
        <dev:code>Get-CallerPreference -Cmdlet $PSCmdlet -SessionState $ExecutionContext.SessionState</dev:code>
        <dev:remarks>
          <maml:para>Imports the default PowerShell preference variables from the caller into the local scope.</maml:para>
        </dev:remarks>
      </command:example>
      <command:example>
        <maml:title>-------------------------- EXAMPLE 2 --------------------------</maml:title>
        <dev:code>Get-CallerPreference -Cmdlet $PSCmdlet -SessionState $ExecutionContext.SessionState -Name 'ErrorActionPreference','SomeOtherVariable'</dev:code>
        <dev:remarks>
          <maml:para>Imports only the ErrorActionPreference and SomeOtherVariable variables into the local scope.</maml:para>
        </dev:remarks>
      </command:example>
      <command:example>
        <maml:title>-------------------------- EXAMPLE 3 --------------------------</maml:title>
        <dev:code>'ErrorActionPreference','SomeOtherVariable' | Get-CallerPreference -Cmdlet $PSCmdlet -SessionState $ExecutionContext.SessionState</dev:code>
        <dev:remarks>
          <maml:para>Same as Example 2, but sends variable names to the Name parameter via pipeline input.</maml:para>
        </dev:remarks>
      </command:example>
    </command:examples>
    <command:relatedLinks>
      <maml:navigationLink>
        <maml:linkText>about_Preference_Variables</maml:linkText>
        <maml:uri></maml:uri>
      </maml:navigationLink>
    </command:relatedLinks>
  </command:command>
</helpItems>